-- phpMyAdmin SQL Dump
-- version 4.6.5.2
-- https://www.phpmyadmin.net/
--
-- Host: 127.0.0.1
-- Generation Time: 06 Apr 2020 pada 03.49
-- Versi Server: 10.1.21-MariaDB
-- PHP Version: 5.6.30

SET SQL_MODE = "NO_AUTO_VALUE_ON_ZERO";
SET time_zone = "+00:00";


/*!40101 SET @OLD_CHARACTER_SET_CLIENT=@@CHARACTER_SET_CLIENT */;
/*!40101 SET @OLD_CHARACTER_SET_RESULTS=@@CHARACTER_SET_RESULTS */;
/*!40101 SET @OLD_COLLATION_CONNECTION=@@COLLATION_CONNECTION */;
/*!40101 SET NAMES utf8mb4 */;

--
-- Database: `kud`
--

-- --------------------------------------------------------

--
-- Struktur dari tabel `anggota`
--

CREATE TABLE `anggota` (
  `id_anggota` int(11) NOT NULL,
  `nama` varchar(100) DEFAULT NULL,
  `pos` int(10) DEFAULT NULL,
  `jns_anggota` varchar(2) DEFAULT NULL,
  `sapi_perah` int(4) DEFAULT NULL,
  `sapi_kering` int(4) DEFAULT NULL,
  `sapi_pedet` int(4) DEFAULT NULL,
  `username` varchar(20) NOT NULL,
  `password` varchar(20) NOT NULL
) ENGINE=InnoDB DEFAULT CHARSET=latin1;

--
-- Dumping data untuk tabel `anggota`
--

INSERT INTO `anggota` (`id_anggota`, `nama`, `pos`, `jns_anggota`, `sapi_perah`, `sapi_kering`, `sapi_pedet`, `username`, `password`) VALUES
(2, 'budiman', 1, '1', 9, 2, 2, '', ''),
(3, 'pairin', 16, '1', 80, 1, 1, '', ''),
(5, 'dori', 1, '1', 9, 8, 7, '', ''),
(6, 'nurul', 1, '1', 8, 9, 8, '', ''),
(13, 'muijin ', 5, '1', 21, 12, 1, '13', '13'),
(123, 'sewwsa', 1, '1', 21, 11, 23, '123', '123');

-- --------------------------------------------------------

--
-- Struktur dari tabel `bahan_baku`
--

CREATE TABLE `bahan_baku` (
  `id_bahan` int(11) NOT NULL,
  `nama_bahan` varchar(50) DEFAULT NULL,
  `harga_bahan` int(11) DEFAULT NULL
) ENGINE=InnoDB DEFAULT CHARSET=latin1;

--
-- Dumping data untuk tabel `bahan_baku`
--

INSERT INTO `bahan_baku` (`id_bahan`, `nama_bahan`, `harga_bahan`) VALUES
(1, 'katul lokal', 1550),
(2, 'Polard T.E BAR', 3500),
(3, 'CGF', 3070),
(4, 'DDGS', 4200),
(5, 'Kopra Pellet BAR', 2950);

-- --------------------------------------------------------

--
-- Struktur dari tabel `gaji`
--

CREATE TABLE `gaji` (
  `id_gaji` int(11) NOT NULL,
  `id_anggota` int(11) DEFAULT NULL,
  `setoran` int(11) DEFAULT NULL,
  `toko` int(11) DEFAULT NULL,
  `pakan` int(11) DEFAULT NULL,
  `sp` int(11) DEFAULT NULL,
  `bulan` date DEFAULT NULL
) ENGINE=InnoDB DEFAULT CHARSET=latin1;

-- --------------------------------------------------------

--
-- Struktur dari tabel `harga`
--

CREATE TABLE `harga` (
  `id_harga` int(255) NOT NULL,
  `jns_harga` varchar(10) DEFAULT NULL,
  `nominal_harga` int(11) DEFAULT NULL,
  `status` varchar(10) DEFAULT NULL
) ENGINE=InnoDB DEFAULT CHARSET=latin1;

--
-- Dumping data untuk tabel `harga`
--

INSERT INTO `harga` (`id_harga`, `jns_harga`, `nominal_harga`, `status`) VALUES
(1, 'susu', 5550, '1'),
(2, 'katul', 3200, '1');

-- --------------------------------------------------------

--
-- Struktur dari tabel `keswan`
--

CREATE TABLE `keswan` (
  `id_keswan` int(11) NOT NULL,
  `id_anggota` int(11) DEFAULT NULL,
  `nominal` int(11) UNSIGNED DEFAULT NULL,
  `tgl` date DEFAULT NULL,
  `jenis` varchar(10) DEFAULT NULL
) ENGINE=InnoDB DEFAULT CHARSET=latin1;

--
-- Dumping data untuk tabel `keswan`
--

INSERT INTO `keswan` (`id_keswan`, `id_anggota`, `nominal`, `tgl`, `jenis`) VALUES
(1, 1, 10200, '2020-03-28', 'K'),
(2, 1, 10200, '2020-10-01', 'D'),
(3, 1, 15200, '2020-04-12', 'K'),
(4, 5, 12300, '2020-04-30', 'K');

-- --------------------------------------------------------

--
-- Struktur dari tabel `pakan_bayar`
--

CREATE TABLE `pakan_bayar` (
  `id_byr_pkn` int(11) NOT NULL,
  `id_anggota` int(11) DEFAULT NULL,
  `nominal_byr` int(11) UNSIGNED DEFAULT NULL,
  `tgl_byr_pkn` date DEFAULT NULL
) ENGINE=InnoDB DEFAULT CHARSET=latin1;

--
-- Dumping data untuk tabel `pakan_bayar`
--

INSERT INTO `pakan_bayar` (`id_byr_pkn`, `id_anggota`, `nominal_byr`, `tgl_byr_pkn`) VALUES
(1, 1, 500000, '2020-03-27'),
(2, 1, 125000, '2020-02-12'),
(3, 1, 200000, '2020-01-22'),
(5, 5, 100000, '2020-04-01');

-- --------------------------------------------------------

--
-- Struktur dari tabel `pakan_pakai`
--

CREATE TABLE `pakan_pakai` (
  `id_pakan` int(11) NOT NULL,
  `id_anggota` int(11) DEFAULT NULL,
  `jml_pakan` decimal(5,1) DEFAULT NULL,
  `hrg_jml_pakan` int(11) UNSIGNED DEFAULT NULL,
  `tgl_pakan` date DEFAULT NULL
) ENGINE=InnoDB DEFAULT CHARSET=latin1;

--
-- Dumping data untuk tabel `pakan_pakai`
--

INSERT INTO `pakan_pakai` (`id_pakan`, `id_anggota`, `jml_pakan`, `hrg_jml_pakan`, `tgl_pakan`) VALUES
(0, 1, '23.0', 126500, '2020-03-26'),
(2, 1, '10.0', 55000, '2020-03-26'),
(3, 1, '23.0', 126500, '2020-03-26'),
(5, 1, '65.0', 357500, '2020-03-26'),
(11, 2, '85.0', 467500, '2020-03-26'),
(12, 2, '100.0', 550000, '2020-03-26'),
(13, 2, '51.0', 158100, '2020-03-26'),
(20, 1, '10.0', 55000, '2020-03-26'),
(21, 1, '23.0', 126500, '2020-03-26'),
(22, 1, '45.0', 247500, '2020-03-26'),
(23, 1, '45.0', 247500, '2020-03-27'),
(24, 5, '45.0', 247500, '2020-04-29'),
(25, 5, '30.0', 165000, '2020-04-30'),
(26, 5, '4.0', 22000, '2020-03-31'),
(27, 3, '1.0', 3100, '2020-04-01'),
(28, 3, '2.0', 6200, '2020-04-01'),
(29, 3, '3.0', 9300, '2020-04-01'),
(30, 3, '10.0', 31000, '2020-04-01'),
(31, 3, '22.0', 68200, '2020-04-01'),
(33, 2, '500.0', 1550000, '2020-04-01');

-- --------------------------------------------------------

--
-- Struktur dari tabel `pos`
--

CREATE TABLE `pos` (
  `id_pos` int(10) NOT NULL,
  `nm_pos` varchar(25) NOT NULL
) ENGINE=InnoDB DEFAULT CHARSET=latin1;

--
-- Dumping data untuk tabel `pos`
--

INSERT INTO `pos` (`id_pos`, `nm_pos`) VALUES
(1, 'baraan'),
(2, 'saji'),
(3, 'tele'),
(4, 'p.agung'),
(5, 'bayem'),
(6, 'tangkil'),
(7, 'pait'),
(8, 'darungan'),
(9, 'dodol'),
(10, 'tempuran'),
(11, 'wonorejo'),
(12, 'wonoagung'),
(13, 'sudin'),
(14, 'sairen'),
(15, 'joko'),
(16, 'arifin');

-- --------------------------------------------------------

--
-- Struktur dari tabel `saldo`
--

CREATE TABLE `saldo` (
  `id_saldo` int(11) NOT NULL,
  `id_anggota` int(11) DEFAULT NULL,
  `jn_saldo` int(5) DEFAULT NULL,
  `nominal_saldo` int(11) DEFAULT '0'
) ENGINE=InnoDB DEFAULT CHARSET=latin1;

--
-- Dumping data untuk tabel `saldo`
--

INSERT INTO `saldo` (`id_saldo`, `id_anggota`, `jn_saldo`, `nominal_saldo`) VALUES
(1, 1, 1, 0),
(6, 123, 1, 0),
(7, 123, 2, 0),
(8, 13, 1, 0),
(9, 13, 2, 0);

-- --------------------------------------------------------

--
-- Struktur dari tabel `setoran`
--

CREATE TABLE `setoran` (
  `id_setoran` bigint(20) UNSIGNED NOT NULL,
  `id_anggota` int(11) DEFAULT NULL,
  `tgl` date DEFAULT NULL,
  `sesi` char(2) DEFAULT NULL,
  `jml_setoran` decimal(6,1) DEFAULT '0.0'
) ENGINE=InnoDB DEFAULT CHARSET=latin1;

--
-- Dumping data untuk tabel `setoran`
--

INSERT INTO `setoran` (`id_setoran`, `id_anggota`, `tgl`, `sesi`, `jml_setoran`) VALUES
(1, 3, '2020-03-01', '1', '12.5'),
(2, 3, '2020-03-02', '1', '0.0'),
(3, 3, '2020-03-03', '1', '0.0'),
(4, 3, '2020-03-04', '1', '0.0'),
(5, 3, '2020-03-05', '1', '0.0'),
(6, 3, '2020-03-06', '1', '0.0'),
(7, 3, '2020-03-07', '1', '0.0'),
(8, 3, '2020-03-08', '1', '0.0'),
(9, 3, '2020-03-09', '1', '0.0'),
(10, 3, '2020-03-10', '1', '0.0'),
(11, 3, '2020-03-11', '1', '0.0'),
(12, 3, '2020-03-12', '1', '0.0'),
(13, 3, '2020-03-13', '1', '0.0'),
(14, 3, '2020-03-14', '1', '0.0'),
(15, 3, '2020-03-15', '1', '0.0'),
(16, 3, '2020-03-16', '1', '0.0'),
(17, 3, '2020-03-17', '1', '0.0'),
(18, 3, '2020-03-18', '1', '0.0'),
(19, 3, '2020-03-19', '1', '0.0'),
(20, 3, '2020-03-20', '1', '0.0'),
(21, 3, '2020-03-21', '1', '0.0'),
(22, 3, '2020-03-22', '1', '0.0'),
(23, 3, '2020-03-23', '1', '1.2'),
(24, 3, '2020-03-24', '1', '0.0'),
(25, 3, '2020-03-25', '1', '0.0'),
(26, 3, '2020-03-26', '1', '0.0'),
(27, 3, '2020-03-27', '1', '0.0'),
(28, 3, '2020-03-28', '1', '0.0'),
(29, 3, '2020-03-29', '1', '0.0'),
(30, 3, '2020-03-30', '1', '0.0'),
(31, 3, '2020-03-31', '1', '0.0'),
(32, 3, '2020-03-01', '1', '1.0'),
(33, 3, '2020-03-01', '2', '8.5'),
(34, 3, '2020-03-02', '1', '3.0'),
(35, 3, '2020-03-02', '2', '3.0'),
(36, 3, '2020-03-03', '1', '15.2'),
(37, 3, '2020-03-03', '2', '5.0'),
(38, 3, '2020-03-04', '1', '7.0'),
(39, 3, '2020-03-04', '2', '7.0'),
(40, 3, '2020-03-05', '1', '9.0'),
(41, 3, '2020-03-05', '2', '9.0'),
(42, 3, '2020-03-06', '1', '11.0'),
(43, 3, '2020-03-06', '2', '11.0'),
(44, 3, '2020-03-07', '1', '13.0'),
(45, 3, '2020-03-07', '2', '13.0'),
(46, 3, '2020-03-08', '1', '4.0'),
(47, 3, '2020-03-08', '2', '4.0'),
(48, 3, '2020-03-09', '1', '16.0'),
(49, 3, '2020-03-09', '2', '16.0'),
(50, 3, '2020-03-10', '1', '7.0'),
(51, 3, '2020-03-10', '2', '7.0'),
(52, 3, '2020-03-11', '1', '19.0'),
(53, 3, '2020-03-11', '2', '19.0'),
(54, 3, '2020-03-12', '1', '21.0'),
(55, 3, '2020-03-12', '2', '21.0'),
(56, 3, '2020-03-13', '1', '23.0'),
(57, 3, '2020-03-13', '2', '23.0'),
(58, 3, '2020-03-14', '1', '25.0'),
(59, 3, '2020-03-14', '2', '25.0'),
(60, 3, '2020-03-15', '1', '27.0'),
(61, 3, '2020-03-15', '2', '27.0'),
(62, 3, '2020-03-16', '1', '29.0'),
(63, 3, '2020-03-16', '2', '29.0'),
(64, 3, '2020-03-17', '1', '31.0'),
(65, 3, '2020-03-17', '2', '31.0'),
(66, 3, '2020-03-18', '1', '34.0'),
(67, 3, '2020-03-18', '2', '34.0'),
(68, 3, '2020-03-19', '1', '3637.0'),
(69, 3, '2020-03-19', '2', '3637.0'),
(70, 3, '2020-03-20', '1', '39.0'),
(71, 3, '2020-03-20', '2', '39.0'),
(72, 3, '2020-03-21', '1', '41.0'),
(73, 3, '2020-03-21', '2', '41.0'),
(74, 3, '2020-03-22', '1', '43.0'),
(75, 3, '2020-03-22', '2', '43.0'),
(76, 3, '2020-03-23', '1', '0.0'),
(77, 3, '2020-03-23', '2', '0.0'),
(78, 3, '2020-03-24', '1', '47.0'),
(79, 3, '2020-03-24', '2', '47.0'),
(80, 3, '2020-03-25', '1', '49.0'),
(81, 3, '2020-03-25', '2', '49.0'),
(82, 3, '2020-03-26', '1', '51.0'),
(83, 3, '2020-03-26', '2', '51.0'),
(84, 3, '2020-03-27', '1', '53.0'),
(85, 3, '2020-03-27', '2', '53.0'),
(86, 3, '2020-03-28', '1', '55.0'),
(87, 3, '2020-03-28', '2', '55.0'),
(88, 3, '2020-03-29', '1', '57.0'),
(89, 3, '2020-03-29', '2', '57.0'),
(90, 3, '2020-03-30', '1', '59.0'),
(91, 3, '2020-03-30', '2', '59.0'),
(92, 3, '2020-03-31', '1', '61.0'),
(93, 3, '2020-03-31', '2', '61.0'),
(94, 3, '2020-03-01', '1', '21.0'),
(95, 3, '2020-03-01', '2', '21.0'),
(96, 3, '2020-03-02', '1', '22.0'),
(97, 3, '2020-03-02', '2', '24.0'),
(98, 3, '2020-03-03', '1', '54.0'),
(99, 3, '2020-03-03', '2', '81.0'),
(100, 3, '2020-03-04', '1', '68.0'),
(101, 3, '2020-03-04', '2', '0.0'),
(102, 3, '2020-03-05', '1', '65.0'),
(103, 3, '2020-03-05', '2', '87.0'),
(104, 3, '2020-03-06', '1', '81.0'),
(105, 3, '2020-03-06', '2', '68.0'),
(106, 3, '2020-03-07', '1', '1.0'),
(107, 3, '2020-03-07', '2', '3.0'),
(108, 3, '2020-03-08', '1', '84.0'),
(109, 3, '2020-03-08', '2', '54.0'),
(110, 3, '2020-03-09', '1', '65.0'),
(111, 3, '2020-03-09', '2', '2.0'),
(112, 3, '2020-03-10', '1', '0.0'),
(113, 3, '2020-03-10', '2', '8.0'),
(114, 3, '2020-03-11', '1', '64.0'),
(115, 3, '2020-03-11', '2', '8.0'),
(116, 3, '2020-03-12', '1', '13.0'),
(117, 3, '2020-03-12', '2', '5.0'),
(118, 3, '2020-03-13', '1', '8.0'),
(119, 3, '2020-03-13', '2', '45.0'),
(120, 3, '2020-03-14', '1', '1.0'),
(121, 3, '2020-03-14', '2', '54.0'),
(122, 3, '2020-03-15', '1', '8.0'),
(123, 3, '2020-03-15', '2', '88.0'),
(124, 3, '2020-03-16', '1', '4.0'),
(125, 3, '2020-03-16', '2', '6.0'),
(126, 3, '2020-03-17', '1', '2.0'),
(127, 3, '2020-03-17', '2', '46.0'),
(128, 3, '2020-03-18', '1', '1.0'),
(129, 3, '2020-03-18', '2', '52.0'),
(130, 3, '2020-03-19', '1', '854.0'),
(131, 3, '2020-03-19', '2', '23.0'),
(132, 3, '2020-03-20', '1', '54.0'),
(133, 3, '2020-03-20', '2', '652.0'),
(134, 3, '2020-03-21', '1', '5.0'),
(135, 3, '2020-03-21', '2', '5.0'),
(136, 3, '2020-03-22', '1', '1.0'),
(137, 3, '2020-03-22', '2', '87.0'),
(138, 3, '2020-03-23', '1', '5.0'),
(139, 3, '2020-03-23', '2', '6.0'),
(140, 3, '2020-03-24', '1', '4.0'),
(141, 3, '2020-03-24', '2', '54.0'),
(142, 3, '2020-03-25', '1', '8.0'),
(143, 3, '2020-03-25', '2', '46.0'),
(144, 3, '2020-03-26', '1', '7.0'),
(145, 3, '2020-03-26', '2', '54.0'),
(146, 3, '2020-03-27', '1', '65.0'),
(147, 3, '2020-03-27', '2', '2.0'),
(148, 3, '2020-03-28', '1', '65.0'),
(149, 3, '2020-03-28', '2', '65.0'),
(150, 3, '2020-03-29', '1', '326.0'),
(151, 3, '2020-03-29', '2', '6.0'),
(152, 3, '2020-03-30', '1', '6.0'),
(153, 3, '2020-03-30', '2', '65.0'),
(154, 3, '2020-03-31', '1', '8.0'),
(155, 3, '2020-03-31', '2', '89.0'),
(156, 3, '2020-03-01', '1', '1.0'),
(157, 3, '2020-03-01', '2', '2.0'),
(158, 3, '2020-03-02', '1', '3.0'),
(159, 3, '2020-03-02', '2', '4.0'),
(160, 3, '2020-03-03', '1', '5.0'),
(161, 3, '2020-03-03', '2', '12.0'),
(162, 3, '2020-03-04', '1', '7.0'),
(163, 3, '2020-03-04', '2', '8.0'),
(164, 3, '2020-03-05', '1', '9.0'),
(165, 3, '2020-03-05', '2', '10.0'),
(166, 3, '2020-03-06', '1', '11.0'),
(167, 3, '2020-03-06', '2', '12.0'),
(168, 3, '2020-03-07', '1', '13.0'),
(169, 3, '2020-03-07', '2', '14.0'),
(170, 3, '2020-03-08', '1', '15.0'),
(171, 3, '2020-03-08', '2', '16.0'),
(172, 3, '2020-03-09', '1', '17.0'),
(173, 3, '2020-03-09', '2', '1.0'),
(174, 3, '2020-03-10', '1', '8.0'),
(175, 3, '2020-03-10', '2', '19.0'),
(176, 3, '2020-03-11', '1', '20.0'),
(177, 3, '2020-03-11', '2', '21.0'),
(178, 3, '2020-03-12', '1', '22.0'),
(179, 3, '2020-03-12', '2', '23.0'),
(180, 3, '2020-03-13', '1', '24.0'),
(181, 3, '2020-03-13', '2', '25.0'),
(182, 3, '2020-03-14', '1', '26.0'),
(183, 3, '2020-03-14', '2', '27.0'),
(184, 3, '2020-03-15', '1', '28.0'),
(185, 3, '2020-03-15', '2', '29.0'),
(186, 3, '2020-03-16', '1', '30.0'),
(187, 3, '2020-03-16', '2', '31.0'),
(188, 3, '2020-03-17', '1', '32.0'),
(189, 3, '2020-03-17', '2', '33.0'),
(190, 3, '2020-03-18', '1', '34.0'),
(191, 3, '2020-03-18', '2', '35.0'),
(192, 3, '2020-03-19', '1', '36.0'),
(193, 3, '2020-03-19', '2', '37.0'),
(194, 3, '2020-03-20', '1', '38.0'),
(195, 3, '2020-03-20', '2', '39.0'),
(196, 3, '2020-03-21', '1', '40.0'),
(197, 3, '2020-03-21', '2', '41.0'),
(198, 3, '2020-03-22', '1', '42.0'),
(199, 3, '2020-03-22', '2', '43.0'),
(200, 3, '2020-03-23', '1', '45.0'),
(201, 3, '2020-03-23', '2', '46.0'),
(202, 3, '2020-03-24', '1', '47.0'),
(203, 3, '2020-03-24', '2', '48.0'),
(204, 3, '2020-03-25', '1', '49.0'),
(205, 3, '2020-03-25', '2', '50.0'),
(206, 3, '2020-03-26', '1', '51.0'),
(207, 3, '2020-03-26', '2', '525.0'),
(208, 3, '2020-03-27', '1', '53.0'),
(209, 3, '2020-03-27', '2', '54.0'),
(210, 3, '2020-03-28', '1', '55.0'),
(211, 3, '2020-03-28', '2', '56.0'),
(212, 3, '2020-03-29', '1', '57.0'),
(213, 3, '2020-03-29', '2', '58.0'),
(214, 3, '2020-03-30', '1', '59.0'),
(215, 3, '2020-03-30', '2', '60.0'),
(216, 3, '2020-03-31', '1', '61.0'),
(217, 3, '2020-03-31', '2', '62.0'),
(218, 4, '2020-03-01', '1', '4.0'),
(219, 4, '2020-03-01', '2', '4.0'),
(220, 4, '2020-03-02', '1', '5.0'),
(221, 4, '2020-03-02', '2', '5.0'),
(222, 4, '2020-03-03', '1', '6.0'),
(223, 4, '2020-03-03', '2', '6.0'),
(224, 4, '2020-03-04', '1', '7.0'),
(225, 4, '2020-03-04', '2', '7.0'),
(226, 4, '2020-03-05', '1', '8.0'),
(227, 4, '2020-03-05', '2', '8.0'),
(228, 4, '2020-03-06', '1', '9.0'),
(229, 4, '2020-03-06', '2', '9.0'),
(230, 4, '2020-03-07', '1', '1.0'),
(231, 4, '2020-03-07', '2', '0.0'),
(232, 4, '2020-03-08', '1', '1.0'),
(233, 4, '2020-03-08', '2', '0.0'),
(234, 4, '2020-03-09', '1', '1.0'),
(235, 4, '2020-03-09', '2', '0.0'),
(236, 4, '2020-03-10', '1', '1.0'),
(237, 4, '2020-03-10', '2', '2.0'),
(238, 4, '2020-03-11', '1', '0.0'),
(239, 4, '2020-03-11', '2', '5.0'),
(240, 4, '2020-03-12', '1', '8.0'),
(241, 4, '2020-03-12', '2', '5.0'),
(242, 4, '2020-03-13', '1', '4.0'),
(243, 4, '2020-03-13', '2', '6.0'),
(244, 4, '2020-03-14', '1', '8.0'),
(245, 4, '2020-03-14', '2', '4.0'),
(246, 4, '2020-03-15', '1', '5.0'),
(247, 4, '2020-03-15', '2', '1.0'),
(248, 4, '2020-03-16', '1', '6.0'),
(249, 4, '2020-03-16', '2', '5.0'),
(250, 4, '2020-03-17', '1', '8.0'),
(251, 4, '2020-03-17', '2', '4.0'),
(252, 4, '2020-03-18', '1', '8.0'),
(253, 4, '2020-03-18', '2', '8.0'),
(254, 4, '2020-03-19', '1', '7.0'),
(255, 4, '2020-03-19', '2', '9.0'),
(256, 4, '2020-03-20', '1', '5.0'),
(257, 4, '2020-03-20', '2', '4.0'),
(258, 4, '2020-03-21', '1', '6.0'),
(259, 4, '2020-03-21', '2', '8.0'),
(260, 4, '2020-03-22', '1', '4.0'),
(261, 4, '2020-03-22', '2', '8.0'),
(262, 4, '2020-03-23', '1', '4.0'),
(263, 4, '2020-03-23', '2', '9.0'),
(264, 4, '2020-03-24', '1', '9.0'),
(265, 4, '2020-03-24', '2', '7.0'),
(266, 4, '2020-03-25', '1', '8.0'),
(267, 4, '2020-03-25', '2', '7.0'),
(268, 4, '2020-03-26', '1', '9.0'),
(269, 4, '2020-03-26', '2', '7.0'),
(270, 4, '2020-03-27', '1', '5.0'),
(271, 4, '2020-03-27', '2', '8.0'),
(272, 4, '2020-03-28', '1', '8.0'),
(273, 4, '2020-03-28', '2', '9.0'),
(274, 4, '2020-03-29', '1', '7.0'),
(275, 4, '2020-03-29', '2', '4.0'),
(276, 4, '2020-03-30', '1', '6.0'),
(277, 4, '2020-03-30', '2', '4.0'),
(278, 4, '2020-03-31', '1', '8.0'),
(279, 4, '2020-03-31', '2', '8.0'),
(280, 5, '2020-03-01', '1', '55.0'),
(281, 5, '2020-03-01', '2', '12.0'),
(282, 5, '2020-03-02', '1', '23.0'),
(283, 5, '2020-03-02', '2', '22.0'),
(284, 5, '2020-03-03', '1', '25.0'),
(285, 5, '2020-03-03', '2', '25.0'),
(286, 5, '2020-03-04', '1', '26.0'),
(287, 5, '2020-03-04', '2', '24.0'),
(288, 5, '2020-03-05', '1', '21.0'),
(289, 5, '2020-03-05', '2', '21.0'),
(290, 5, '2020-03-06', '1', '25.0'),
(291, 5, '2020-03-06', '2', '25.0'),
(292, 5, '2020-03-07', '1', '28.0'),
(293, 5, '2020-03-07', '2', '27.0'),
(294, 5, '2020-03-08', '1', '25.0'),
(295, 5, '2020-03-08', '2', '26.0'),
(296, 5, '2020-03-09', '1', '24.0'),
(297, 5, '2020-03-09', '2', '22.0'),
(298, 5, '2020-03-10', '1', '21.0'),
(299, 5, '2020-03-10', '2', '23.0'),
(300, 5, '2020-03-11', '1', '25.0'),
(301, 5, '2020-03-11', '2', '25.0'),
(302, 5, '2020-03-12', '1', '29.0'),
(303, 5, '2020-03-12', '2', '24.0'),
(304, 5, '2020-03-13', '1', '28.0'),
(305, 5, '2020-03-13', '2', '29.0'),
(306, 5, '2020-03-14', '1', '28.0'),
(307, 5, '2020-03-14', '2', '27.0'),
(308, 5, '2020-03-15', '1', '24.0'),
(309, 5, '2020-03-15', '2', '25.0'),
(310, 5, '2020-03-16', '1', '26.0'),
(311, 5, '2020-03-16', '2', '25.0'),
(312, 5, '2020-03-17', '1', '22.0'),
(313, 5, '2020-03-17', '2', '21.0'),
(314, 5, '2020-03-18', '1', '23.0'),
(315, 5, '2020-03-18', '2', '21.0'),
(316, 5, '2020-03-19', '1', '21.0'),
(317, 5, '2020-03-19', '2', '22.0'),
(318, 5, '2020-03-20', '1', '21.0'),
(319, 5, '2020-03-20', '2', '20.0'),
(320, 5, '2020-03-21', '1', '21.0'),
(321, 5, '2020-03-21', '2', '22.0'),
(322, 5, '2020-03-22', '1', '22.0'),
(323, 5, '2020-03-22', '2', '23.0'),
(324, 5, '2020-03-23', '1', '20.0'),
(325, 5, '2020-03-23', '2', '21.0'),
(326, 5, '2020-03-24', '1', '22.0'),
(327, 5, '2020-03-24', '2', '23.0'),
(328, 5, '2020-03-25', '1', '20.0'),
(329, 5, '2020-03-25', '2', '21.0'),
(330, 5, '2020-03-26', '1', '22.0'),
(331, 5, '2020-03-26', '2', '23.0'),
(332, 5, '2020-03-27', '1', '20.0'),
(333, 5, '2020-03-27', '2', '21.0'),
(334, 5, '2020-03-28', '1', '22.0'),
(335, 5, '2020-03-28', '2', '23.0'),
(336, 5, '2020-03-29', '1', '20.0'),
(337, 5, '2020-03-29', '2', '21.0'),
(338, 5, '2020-03-30', '1', '22.0'),
(339, 5, '2020-03-30', '2', '23.0'),
(340, 5, '2020-03-31', '1', '20.0'),
(341, 5, '2020-03-31', '2', '21.0'),
(342, 6, '2020-03-01', '1', '5.8'),
(343, 6, '2020-03-01', '2', '2.0'),
(344, 6, '2020-03-02', '1', '2.0'),
(345, 6, '2020-03-02', '2', '1.0'),
(346, 6, '2020-03-03', '1', '21.0'),
(347, 6, '2020-03-03', '2', '21.0'),
(348, 6, '2020-03-04', '1', '21.0'),
(349, 6, '2020-03-04', '2', '22.0'),
(350, 6, '2020-03-05', '1', '21.0'),
(351, 6, '2020-03-05', '2', '21.0'),
(352, 6, '2020-03-06', '1', '21.0'),
(353, 6, '2020-03-06', '2', '21.0'),
(354, 6, '2020-03-07', '1', '54.0'),
(355, 6, '2020-03-07', '2', '545.0'),
(356, 6, '2020-03-08', '1', '21.0'),
(357, 6, '2020-03-08', '2', '5.0'),
(358, 6, '2020-03-09', '1', '21.0'),
(359, 6, '2020-03-09', '2', '21.0'),
(360, 6, '2020-03-10', '1', '215.0'),
(361, 6, '2020-03-10', '2', '21.0'),
(362, 6, '2020-03-11', '1', '54.0'),
(363, 6, '2020-03-11', '2', '21.0'),
(364, 6, '2020-03-12', '1', '54.0'),
(365, 6, '2020-03-12', '2', '87.0'),
(366, 6, '2020-03-13', '1', '54.0'),
(367, 6, '2020-03-13', '2', '21.0'),
(368, 6, '2020-03-14', '1', '21.0'),
(369, 6, '2020-03-14', '2', '54.0'),
(370, 6, '2020-03-15', '1', '21.0'),
(371, 6, '2020-03-15', '2', '54.0'),
(372, 6, '2020-03-16', '1', '31.0'),
(373, 6, '2020-03-16', '2', '4.0'),
(374, 6, '2020-03-17', '1', '31.0'),
(375, 6, '2020-03-17', '2', '64.0'),
(376, 6, '2020-03-18', '1', '84.0'),
(377, 6, '2020-03-18', '2', '85.0'),
(378, 6, '2020-03-19', '1', '85.0'),
(379, 6, '2020-03-19', '2', '54.0'),
(380, 6, '2020-03-20', '1', '12.0'),
(381, 6, '2020-03-20', '2', '54.0'),
(382, 6, '2020-03-21', '1', '654.0'),
(383, 6, '2020-03-21', '2', '321.0'),
(384, 6, '2020-03-22', '1', '45.0'),
(385, 6, '2020-03-22', '2', '54.0'),
(386, 6, '2020-03-23', '1', '87.0'),
(387, 6, '2020-03-23', '2', '87.0'),
(388, 6, '2020-03-24', '1', '54.0'),
(389, 6, '2020-03-24', '2', '54.0'),
(390, 6, '2020-03-25', '1', '54.0'),
(391, 6, '2020-03-25', '2', '54.0'),
(392, 6, '2020-03-26', '1', '54.0'),
(393, 6, '2020-03-26', '2', '54.0'),
(394, 6, '2020-03-27', '1', '54.0'),
(395, 6, '2020-03-27', '2', '54.0'),
(396, 6, '2020-03-28', '1', '54.0'),
(397, 6, '2020-03-28', '2', '54.0'),
(398, 6, '2020-03-29', '1', '54.0'),
(399, 6, '2020-03-29', '2', '54.0'),
(400, 6, '2020-03-30', '1', '12.0'),
(401, 6, '2020-03-30', '2', '12.0'),
(402, 6, '2020-03-31', '1', '21.0'),
(403, 6, '2020-03-31', '2', '21.0'),
(404, 4, '2020-04-01', '1', '11.0'),
(405, 4, '2020-04-01', '2', '12.0'),
(406, 4, '2020-04-02', '1', '45.0'),
(407, 4, '2020-04-02', '2', '25.0'),
(408, 4, '2020-04-03', '1', '45.0'),
(409, 4, '2020-04-03', '2', '65.0'),
(410, 4, '2020-04-04', '1', '2.0'),
(411, 4, '2020-04-04', '2', '54.0'),
(412, 4, '2020-04-05', '1', '21.0'),
(413, 4, '2020-04-05', '2', '35.0'),
(414, 4, '2020-04-06', '1', '54.0'),
(415, 4, '2020-04-06', '2', '21.0'),
(416, 4, '2020-04-07', '1', '11.0'),
(417, 4, '2020-04-07', '2', '2.0'),
(418, 4, '2020-04-08', '1', '32.0'),
(419, 4, '2020-04-08', '2', '54.0'),
(420, 4, '2020-04-09', '1', '21.0'),
(421, 4, '2020-04-09', '2', '32.0'),
(422, 4, '2020-04-10', '1', '4.0'),
(423, 4, '2020-04-10', '2', '21.0'),
(424, 4, '2020-04-11', '1', '23.0'),
(425, 4, '2020-04-11', '2', '21.0'),
(426, 4, '2020-04-12', '1', '21.0'),
(427, 4, '2020-04-12', '2', '21.0'),
(428, 4, '2020-04-13', '1', '22.0'),
(429, 4, '2020-04-13', '2', '33.0'),
(430, 4, '2020-04-14', '1', '11.0'),
(431, 4, '2020-04-14', '2', '22.0'),
(432, 4, '2020-04-15', '1', '33.0'),
(433, 4, '2020-04-15', '2', '11.0'),
(434, 4, '2020-04-16', '1', '22.0'),
(435, 4, '2020-04-16', '2', '33.0'),
(436, 4, '2020-04-17', '1', '11.0'),
(437, 4, '2020-04-17', '2', '22.0'),
(438, 4, '2020-04-18', '1', '33.0'),
(439, 4, '2020-04-18', '2', '11.0'),
(440, 4, '2020-04-19', '1', '22.0'),
(441, 4, '2020-04-19', '2', '33.0'),
(442, 4, '2020-04-20', '1', '22.0'),
(443, 4, '2020-04-20', '2', '12.0'),
(444, 4, '2020-04-21', '1', '32.0'),
(445, 4, '2020-04-21', '2', '21.0'),
(446, 4, '2020-04-22', '1', '32.0'),
(447, 4, '2020-04-22', '2', '21.0'),
(448, 4, '2020-04-23', '1', '32.0'),
(449, 4, '2020-04-23', '2', '11.0'),
(450, 4, '2020-04-24', '1', '22.0'),
(451, 4, '2020-04-24', '2', '33.0'),
(452, 4, '2020-04-25', '1', '11.0'),
(453, 4, '2020-04-25', '2', '22.0'),
(454, 4, '2020-04-26', '1', '22.0'),
(455, 4, '2020-04-26', '2', '33.0'),
(456, 4, '2020-04-27', '1', '11.0'),
(457, 4, '2020-04-27', '2', '22.0'),
(458, 4, '2020-04-28', '1', '22.0'),
(459, 4, '2020-04-28', '2', '33.0'),
(460, 4, '2020-04-29', '1', '11.0'),
(461, 4, '2020-04-29', '2', '22.0'),
(462, 5, '2020-04-01', '1', '11.0'),
(463, 5, '2020-04-01', '2', '11.0'),
(464, 5, '2020-04-02', '1', '11.0'),
(465, 5, '2020-04-02', '2', '11.0'),
(466, 5, '2020-04-03', '1', '22.0'),
(467, 5, '2020-04-03', '2', '22.0'),
(468, 5, '2020-04-04', '1', '22.0'),
(469, 5, '2020-04-04', '2', '22.0'),
(470, 5, '2020-04-05', '1', '33.0'),
(471, 5, '2020-04-05', '2', '33.0'),
(472, 5, '2020-04-06', '1', '333.0'),
(473, 5, '2020-04-06', '2', '33.0'),
(474, 5, '2020-04-07', '1', '12.0'),
(475, 5, '2020-04-07', '2', '12.0'),
(476, 5, '2020-04-08', '1', '12.0'),
(477, 5, '2020-04-08', '2', '12.0'),
(478, 5, '2020-04-09', '1', '21.0'),
(479, 5, '2020-04-09', '2', '21.0'),
(480, 5, '2020-04-10', '1', '21.0'),
(481, 5, '2020-04-10', '2', '21.0'),
(482, 5, '2020-04-11', '1', '23.0'),
(483, 5, '2020-04-11', '2', '23.0'),
(484, 5, '2020-04-12', '1', '33.0'),
(485, 5, '2020-04-12', '2', '23.0'),
(486, 5, '2020-04-13', '1', '11.0'),
(487, 5, '2020-04-13', '2', '11.0'),
(488, 5, '2020-04-14', '1', '11.0'),
(489, 5, '2020-04-14', '2', '11.0'),
(490, 5, '2020-04-15', '1', '11.0'),
(491, 5, '2020-04-15', '2', '11.0'),
(492, 5, '2020-04-16', '1', '11.0'),
(493, 5, '2020-04-16', '2', '11.0'),
(494, 5, '2020-04-17', '1', '12.0'),
(495, 5, '2020-04-17', '2', '12.0'),
(496, 5, '2020-04-18', '1', '12.0'),
(497, 5, '2020-04-18', '2', '12.0'),
(498, 5, '2020-04-19', '1', '12.0'),
(499, 5, '2020-04-19', '2', '12.0'),
(500, 5, '2020-04-20', '1', '12.0'),
(501, 5, '2020-04-20', '2', '12.0'),
(502, 5, '2020-04-21', '1', '12.0'),
(503, 5, '2020-04-21', '2', '12.0'),
(504, 5, '2020-04-22', '1', '21.0'),
(505, 5, '2020-04-22', '2', '21.0'),
(506, 5, '2020-04-23', '1', '21.0'),
(507, 5, '2020-04-23', '2', '23.0'),
(508, 5, '2020-04-24', '1', '23.0'),
(509, 5, '2020-04-24', '2', '23.0'),
(510, 5, '2020-04-25', '1', '23.0'),
(511, 5, '2020-04-25', '2', '23.0'),
(512, 5, '2020-04-26', '1', '23.0'),
(513, 5, '2020-04-26', '2', '32.0'),
(514, 5, '2020-04-27', '1', '23.0'),
(515, 5, '2020-04-27', '2', '23.0'),
(516, 5, '2020-04-28', '1', '23.0'),
(517, 5, '2020-04-28', '2', '23.0'),
(518, 5, '2020-04-29', '1', '23.0'),
(519, 5, '2020-04-29', '2', '23.0'),
(520, 6, '2020-04-01', '1', '10.0'),
(521, 6, '2020-04-01', '2', '22.0'),
(522, 6, '2020-04-02', '1', '21.5'),
(523, 6, '2020-04-02', '2', '22.0'),
(524, 6, '2020-04-03', '1', '22.0'),
(525, 6, '2020-04-03', '2', '0.0'),
(526, 6, '2020-04-04', '1', '33.0'),
(527, 6, '2020-04-04', '2', '32.0'),
(528, 6, '2020-04-05', '1', '32.0'),
(529, 6, '2020-04-05', '2', '21.0'),
(530, 6, '2020-04-06', '1', '12.0'),
(531, 6, '2020-04-06', '2', '32.0'),
(532, 6, '2020-04-07', '1', '11.0'),
(533, 6, '2020-04-07', '2', '22.0'),
(534, 6, '2020-04-08', '1', '12.5'),
(535, 6, '2020-04-08', '2', '20.2'),
(536, 6, '2020-04-09', '1', '56.0'),
(537, 6, '2020-04-09', '2', '55.0'),
(538, 6, '2020-04-10', '1', '0.0'),
(539, 6, '2020-04-10', '2', '0.0'),
(540, 6, '2020-04-11', '1', '0.0'),
(541, 6, '2020-04-11', '2', '0.0'),
(542, 6, '2020-04-12', '1', '0.0'),
(543, 6, '2020-04-12', '2', '0.0'),
(544, 6, '2020-04-13', '1', '0.0'),
(545, 6, '2020-04-13', '2', '0.0'),
(546, 6, '2020-04-14', '1', '0.0'),
(547, 6, '2020-04-14', '2', '0.0'),
(548, 6, '2020-04-15', '1', '0.0'),
(549, 6, '2020-04-15', '2', '0.0'),
(550, 6, '2020-04-16', '1', '0.0'),
(551, 6, '2020-04-16', '2', '0.0'),
(552, 6, '2020-04-17', '1', '0.0'),
(553, 6, '2020-04-17', '2', '0.0'),
(554, 6, '2020-04-18', '1', '0.0'),
(555, 6, '2020-04-18', '2', '0.0'),
(556, 6, '2020-04-19', '1', '0.0'),
(557, 6, '2020-04-19', '2', '0.0'),
(558, 6, '2020-04-20', '1', '0.0'),
(559, 6, '2020-04-20', '2', '0.0'),
(560, 6, '2020-04-21', '1', '0.0'),
(561, 6, '2020-04-21', '2', '0.0'),
(562, 6, '2020-04-22', '1', '0.0'),
(563, 6, '2020-04-22', '2', '0.0'),
(564, 6, '2020-04-23', '1', '0.0'),
(565, 6, '2020-04-23', '2', '0.0'),
(566, 6, '2020-04-24', '1', '0.0'),
(567, 6, '2020-04-24', '2', '0.0'),
(568, 6, '2020-04-25', '1', '0.0'),
(569, 6, '2020-04-25', '2', '0.0'),
(570, 6, '2020-04-26', '1', '0.0'),
(571, 6, '2020-04-26', '2', '0.0'),
(572, 6, '2020-04-27', '1', '0.0'),
(573, 6, '2020-04-27', '2', '0.0'),
(574, 6, '2020-04-28', '1', '0.0'),
(575, 6, '2020-04-28', '2', '0.0'),
(576, 6, '2020-04-29', '1', '0.0'),
(577, 6, '2020-04-29', '2', '0.0');

-- --------------------------------------------------------

--
-- Struktur dari tabel `simpanan`
--

CREATE TABLE `simpanan` (
  `id_simpanan` int(255) NOT NULL,
  `id_anggota` int(255) UNSIGNED DEFAULT NULL,
  `nominal` int(255) UNSIGNED DEFAULT NULL,
  `jenis` char(2) DEFAULT NULL,
  `tgl` date DEFAULT NULL,
  `ket` char(2) DEFAULT NULL
) ENGINE=InnoDB DEFAULT CHARSET=latin1;

--
-- Dumping data untuk tabel `simpanan`
--

INSERT INTO `simpanan` (`id_simpanan`, `id_anggota`, `nominal`, `jenis`, `tgl`, `ket`) VALUES
(3, 2, 250000, '1', '2020-02-01', 'D'),
(4, 2, 450000, '1', '2020-04-04', 'K'),
(6, 2, 13456, '2', '2020-02-01', 'D'),
(7, 2, 12300, '2', '2020-04-04', 'K'),
(8, 3, 1112, '1', '2020-04-04', 'K'),
(11, 3, 150000, '1', '2020-04-04', 'K'),
(12, 3, 900000, '2', '2020-04-04', 'K');

-- --------------------------------------------------------

--
-- Struktur dari tabel `skema_sp`
--

CREATE TABLE `skema_sp` (
  `id_ssp` int(11) NOT NULL,
  `id_anggota` int(11) UNSIGNED NOT NULL,
  `nominal` int(11) DEFAULT NULL,
  `tgl` date DEFAULT NULL
) ENGINE=InnoDB DEFAULT CHARSET=latin1;

--
-- Dumping data untuk tabel `skema_sp`
--

INSERT INTO `skema_sp` (`id_ssp`, `id_anggota`, `nominal`, `tgl`) VALUES
(5, 2, 300000, '2010-00-00'),
(7, 2, 5, '2010-00-00'),
(8, 2, 6, '2010-00-00'),
(9, 2, 7, '2010-00-00'),
(12, 1, 150000, '2019-04-12'),
(13, 1, 150000, '2019-05-12'),
(14, 1, 500000, '2020-03-29'),
(15, 1, 1500000, '2020-04-01'),
(16, 1, 1500000, '2020-05-15');

-- --------------------------------------------------------

--
-- Struktur dari tabel `sp`
--

CREATE TABLE `sp` (
  `id_sp` int(11) NOT NULL,
  `id_anggota` int(11) DEFAULT NULL,
  `angsuran` int(2) DEFAULT NULL,
  `nominal` int(11) DEFAULT NULL,
  `tgl` date DEFAULT NULL
) ENGINE=InnoDB DEFAULT CHARSET=latin1;

--
-- Dumping data untuk tabel `sp`
--

INSERT INTO `sp` (`id_sp`, `id_anggota`, `angsuran`, `nominal`, `tgl`) VALUES
(1, 1, 5, 5000000, '2020-03-25'),
(2, 1, 4, 2000000, '2020-02-01'),
(3, 2, 2, 1000000, '2020-03-01'),
(4, 1, 2, 300000, '2019-03-23'),
(5, 5, 8, 4000000, '2020-03-01');

-- --------------------------------------------------------

--
-- Struktur dari tabel `stk_pakan`
--

CREATE TABLE `stk_pakan` (
  `id_stk` int(11) NOT NULL,
  `id_bhn_baku` int(11) DEFAULT NULL,
  `stk_masuk` int(7) DEFAULT NULL,
  `jml_pakai` int(7) DEFAULT NULL,
  `tgl` date DEFAULT NULL
) ENGINE=InnoDB DEFAULT CHARSET=latin1;

--
-- Dumping data untuk tabel `stk_pakan`
--

INSERT INTO `stk_pakan` (`id_stk`, `id_bhn_baku`, `stk_masuk`, `jml_pakai`, `tgl`) VALUES
(4, 1, 7522, NULL, '2020-02-01'),
(5, 1, NULL, 6555, '2020-02-01'),
(6, 1, 8212, NULL, '2020-03-22'),
(7, 1, 2500, NULL, '2020-01-01'),
(8, 2, 2544, NULL, '2020-03-23'),
(9, 2, NULL, 5001, '2020-03-23'),
(10, 2, NULL, 2545, '2020-02-01'),
(11, 1, NULL, 5201, '2020-03-23'),
(12, 2, 2000, NULL, '2020-02-01'),
(13, 2, 6230, NULL, '2020-01-01'),
(14, 4, 124, NULL, '2020-03-23'),
(16, 1, NULL, 321, '2020-03-23'),
(17, 4, NULL, 90, '2020-03-23'),
(18, 4, 40596, NULL, '2020-02-01'),
(19, 1, 0, NULL, '2020-03-25'),
(20, 1, 0, NULL, '2020-03-25'),
(21, 1, 2544, NULL, '2020-03-26'),
(22, 1, NULL, 321, '2020-03-26'),
(23, 3, 16246, NULL, '2020-01-29'),
(24, 5, 23741, NULL, '2020-01-23'),
(25, 5, 120, NULL, '2020-04-29'),
(26, 5, NULL, 150, '2020-04-02');

-- --------------------------------------------------------

--
-- Struktur dari tabel `toko`
--

CREATE TABLE `toko` (
  `id_toko` int(11) NOT NULL,
  `id_anggota` int(11) DEFAULT NULL,
  `jml_tagihan` int(11) DEFAULT NULL,
  `tgl` date DEFAULT NULL,
  `jenis` varchar(2) DEFAULT NULL
) ENGINE=InnoDB DEFAULT CHARSET=latin1;

--
-- Dumping data untuk tabel `toko`
--

INSERT INTO `toko` (`id_toko`, `id_anggota`, `jml_tagihan`, `tgl`, `jenis`) VALUES
(3, 1, 250000, '2020-02-27', 'K'),
(4, 2, 350000, '2020-03-27', 'K'),
(5, 1, 250000, '2020-03-02', 'D'),
(6, 1, 320000, '2020-03-02', 'K'),
(7, 5, 150000, '2020-04-30', 'K'),
(11, 2, 25250, '2020-04-03', 'K');

-- --------------------------------------------------------

--
-- Struktur dari tabel `user`
--

CREATE TABLE `user` (
  `id_user` int(5) NOT NULL,
  `username` varchar(50) DEFAULT NULL,
  `password` varchar(50) DEFAULT NULL,
  `bagian` varchar(20) DEFAULT NULL
) ENGINE=InnoDB DEFAULT CHARSET=latin1;

--
-- Dumping data untuk tabel `user`
--

INSERT INTO `user` (`id_user`, `username`, `password`, `bagian`) VALUES
(1, 'admin', 'admin', 'admin');

--
-- Indexes for dumped tables
--

--
-- Indexes for table `anggota`
--
ALTER TABLE `anggota`
  ADD PRIMARY KEY (`id_anggota`);

--
-- Indexes for table `bahan_baku`
--
ALTER TABLE `bahan_baku`
  ADD PRIMARY KEY (`id_bahan`);

--
-- Indexes for table `gaji`
--
ALTER TABLE `gaji`
  ADD PRIMARY KEY (`id_gaji`);

--
-- Indexes for table `harga`
--
ALTER TABLE `harga`
  ADD PRIMARY KEY (`id_harga`);

--
-- Indexes for table `keswan`
--
ALTER TABLE `keswan`
  ADD PRIMARY KEY (`id_keswan`);

--
-- Indexes for table `pakan_bayar`
--
ALTER TABLE `pakan_bayar`
  ADD PRIMARY KEY (`id_byr_pkn`);

--
-- Indexes for table `pakan_pakai`
--
ALTER TABLE `pakan_pakai`
  ADD PRIMARY KEY (`id_pakan`);

--
-- Indexes for table `pos`
--
ALTER TABLE `pos`
  ADD PRIMARY KEY (`id_pos`);

--
-- Indexes for table `saldo`
--
ALTER TABLE `saldo`
  ADD PRIMARY KEY (`id_saldo`);

--
-- Indexes for table `setoran`
--
ALTER TABLE `setoran`
  ADD PRIMARY KEY (`id_setoran`);

--
-- Indexes for table `simpanan`
--
ALTER TABLE `simpanan`
  ADD PRIMARY KEY (`id_simpanan`) USING BTREE;

--
-- Indexes for table `skema_sp`
--
ALTER TABLE `skema_sp`
  ADD PRIMARY KEY (`id_ssp`);

--
-- Indexes for table `sp`
--
ALTER TABLE `sp`
  ADD PRIMARY KEY (`id_sp`);

--
-- Indexes for table `stk_pakan`
--
ALTER TABLE `stk_pakan`
  ADD PRIMARY KEY (`id_stk`);

--
-- Indexes for table `toko`
--
ALTER TABLE `toko`
  ADD PRIMARY KEY (`id_toko`);

--
-- Indexes for table `user`
--
ALTER TABLE `user`
  ADD PRIMARY KEY (`id_user`);

--
-- AUTO_INCREMENT for dumped tables
--

--
-- AUTO_INCREMENT for table `bahan_baku`
--
ALTER TABLE `bahan_baku`
  MODIFY `id_bahan` int(11) NOT NULL AUTO_INCREMENT, AUTO_INCREMENT=6;
--
-- AUTO_INCREMENT for table `gaji`
--
ALTER TABLE `gaji`
  MODIFY `id_gaji` int(11) NOT NULL AUTO_INCREMENT;
--
-- AUTO_INCREMENT for table `harga`
--
ALTER TABLE `harga`
  MODIFY `id_harga` int(255) NOT NULL AUTO_INCREMENT, AUTO_INCREMENT=3;
--
-- AUTO_INCREMENT for table `keswan`
--
ALTER TABLE `keswan`
  MODIFY `id_keswan` int(11) NOT NULL AUTO_INCREMENT, AUTO_INCREMENT=5;
--
-- AUTO_INCREMENT for table `pakan_bayar`
--
ALTER TABLE `pakan_bayar`
  MODIFY `id_byr_pkn` int(11) NOT NULL AUTO_INCREMENT, AUTO_INCREMENT=6;
--
-- AUTO_INCREMENT for table `pakan_pakai`
--
ALTER TABLE `pakan_pakai`
  MODIFY `id_pakan` int(11) NOT NULL AUTO_INCREMENT, AUTO_INCREMENT=34;
--
-- AUTO_INCREMENT for table `pos`
--
ALTER TABLE `pos`
  MODIFY `id_pos` int(10) NOT NULL AUTO_INCREMENT, AUTO_INCREMENT=17;
--
-- AUTO_INCREMENT for table `saldo`
--
ALTER TABLE `saldo`
  MODIFY `id_saldo` int(11) NOT NULL AUTO_INCREMENT, AUTO_INCREMENT=10;
--
-- AUTO_INCREMENT for table `setoran`
--
ALTER TABLE `setoran`
  MODIFY `id_setoran` bigint(20) UNSIGNED NOT NULL AUTO_INCREMENT, AUTO_INCREMENT=578;
--
-- AUTO_INCREMENT for table `simpanan`
--
ALTER TABLE `simpanan`
  MODIFY `id_simpanan` int(255) NOT NULL AUTO_INCREMENT, AUTO_INCREMENT=13;
--
-- AUTO_INCREMENT for table `skema_sp`
--
ALTER TABLE `skema_sp`
  MODIFY `id_ssp` int(11) NOT NULL AUTO_INCREMENT, AUTO_INCREMENT=17;
--
-- AUTO_INCREMENT for table `sp`
--
ALTER TABLE `sp`
  MODIFY `id_sp` int(11) NOT NULL AUTO_INCREMENT, AUTO_INCREMENT=6;
--
-- AUTO_INCREMENT for table `stk_pakan`
--
ALTER TABLE `stk_pakan`
  MODIFY `id_stk` int(11) NOT NULL AUTO_INCREMENT, AUTO_INCREMENT=27;
--
-- AUTO_INCREMENT for table `toko`
--
ALTER TABLE `toko`
  MODIFY `id_toko` int(11) NOT NULL AUTO_INCREMENT, AUTO_INCREMENT=12;
--
-- AUTO_INCREMENT for table `user`
--
ALTER TABLE `user`
  MODIFY `id_user` int(5) NOT NULL AUTO_INCREMENT, AUTO_INCREMENT=2;
/*!40101 SET CHARACTER_SET_CLIENT=@OLD_CHARACTER_SET_CLIENT */;
/*!40101 SET CHARACTER_SET_RESULTS=@OLD_CHARACTER_SET_RESULTS */;
/*!40101 SET COLLATION_CONNECTION=@OLD_COLLATION_CONNECTION */;
